route,connections,repeat,version,rps,average_ms,p99_ms,requests,unexpected_responses
benchmiss,16,1,new,1475.1377924879187,10.841099841229022,33.53643410852713,14776,0
benchmiss,16,1,old,1680.5687567019704,9.517596917547197,32.94785714285713,16846,0
benchmiss,16,2,new,1785.8976444240707,8.951248543355506,32.40480225988698,17887,0
benchmiss,16,2,old,1504.6326175526567,10.629530295570753,33.07781690140843,15059,0
benchmiss,16,3,new,1774.4126457450968,9.014134656003607,32.965060240963865,17756,0
benchmiss,16,3,old,1589.046648206282,10.065158104182366,32.75764705882352,15924,0
benchmiss,50,1,new,1776.8365042160258,28.109628650061712,58.04075630252101,17826,0
benchmiss,50,1,old,1679.8188869163048,29.72586125523957,58.76188679245283,16843,0
benchmiss,50,2,new,1741.9826990702634,28.67468444340703,59.033933161953755,17458,0
benchmiss,50,2,old,1667.5581034064646,29.93074000925374,59.465558194774324,16750,0
benchmiss,50,3,new,1822.716369194184,27.40241420292395,56.53246376811592,18263,0
benchmiss,50,3,old,1771.1429009861774,28.199600423661977,56.99257425742575,17750,0
benchroute,16,1,new,1733.7490360951178,9.225376603285303,33.70141342756184,17350,0
benchroute,16,1,old,1693.9266174232962,9.443092974275771,34.46116883116884,16949,0
benchroute,16,2,new,1698.6245740467414,9.415854666784323,32.7650406504065,16998,0
benchroute,16,2,old,1581.8931675697795,10.101269987503155,33.32023809523808,15844,0
benchroute,16,3,new,1529.8982252834498,10.448475159206572,33.61402714932129,15326,0
benchroute,16,3,old,1557.0699637920068,10.2714581103196,33.569058295964126,15582,0
benchroute,50,1,new,1640.6222510606779,30.445762655841392,59.50703296703296,16443,0
benchroute,50,1,old,1670.6167917214993,29.90096436013379,58.577490039840654,16741,0
benchroute,50,2,new,1721.303419385883,29.008570513735947,57.174519230769235,17254,0
benchroute,50,2,old,1574.351286987003,31.710868087247906,60.07685185185192,15817,0
benchroute,50,3,new,1685.8753074417887,29.62500267923859,58.00741989881954,16916,0
benchroute,50,3,old,1571.0646197399137,31.79174339988567,65.36756756756756,15742,0
